{
    "test_f1": 0.43010752688172044,
    "test_f2": 0.6153846153846154,
    "test_recall": 0.8633093525179856,
    "test_precision": 0.2863961813842482,
    "test_accuracy": 0.576
}