{
    "test_f1": 0.992831541218638,
    "test_f2": 0.9949712643678161,
    "test_recall": 0.9964028776978417,
    "test_precision": 0.9892857142857143,
    "test_accuracy": 0.9973333333333333
}