{
    "test_f1": 0.4416586306653809,
    "test_f2": 0.6119722073757349,
    "test_recall": 0.8237410071942446,
    "test_precision": 0.30171277997364954,
    "test_accuracy": 0.614
}