{
    "test_f1": 0.9982046678635548,
    "test_f2": 0.9992810927390366,
    "test_recall": 1.0,
    "test_precision": 0.996415770609319,
    "test_accuracy": 0.9993333333333333
}