{
    "test_f1": 0.983957219251337,
    "test_f2": 0.989247311827957,
    "test_recall": 0.9928057553956835,
    "test_precision": 0.9752650176678446,
    "test_accuracy": 0.994
}