{
    "test_f1": 0.451063829787234,
    "test_f2": 0.5975197294250282,
    "test_recall": 0.762589928057554,
    "test_precision": 0.3202416918429003,
    "test_accuracy": 0.656
}